{
    "best_epoch": 25,
    "best_val_loss": 0.8553909659385681,
    "best_tr_acc": 0.7671232876712328,
    "best_val_acc": 0.6301369863013698,
    "best_test_acc": 0.678082191780822
}