{
    "best_epoch": 1137,
    "best_val_loss": 0.4906092584133148,
    "best_tr_acc": 0.7691745799853908,
    "best_val_acc": 0.7730263157894737,
    "best_test_acc": 0.7576754385964912
}