{
    "best_epoch": 256,
    "best_val_loss": 0.6774511933326721,
    "best_tr_acc": 0.6166666666666667,
    "best_val_acc": 0.59,
    "best_test_acc": 0.58
}