{
    "best_epoch": 0,
    "best_val_loss": 0.9546148180961609,
    "best_tr_acc": 0.4920091324200913,
    "best_val_acc": 0.5582191780821918,
    "best_test_acc": 0.5171232876712328
}