{
    "best_epoch": 400,
    "best_val_loss": 0.31644514203071594,
    "best_tr_acc": 0.8433229257306649,
    "best_val_acc": 0.8507371007371007,
    "best_test_acc": 0.839987714987715,
    "tf_seed": 10
}