{
    "best_epoch": 266,
    "best_val_loss": 0.711707353591919,
    "best_tr_acc": 0.6095690284879474,
    "best_val_acc": 0.5592105263157895,
    "best_test_acc": 0.5668859649122807
}