{
    "best_epoch": 207,
    "best_val_loss": 0.5878782272338867,
    "best_tr_acc": 0.6644444444444444,
    "best_val_acc": 0.71,
    "best_test_acc": 0.7
}