{
    "best_epoch": 6,
    "best_val_loss": 0.5037818551063538,
    "best_tr_acc": 0.7831050228310502,
    "best_val_acc": 0.839041095890411,
    "best_test_acc": 0.8013698630136986
}