{
    "best_epoch": 393,
    "best_val_loss": 0.6826835870742798,
    "best_tr_acc": 0.5316666666666666,
    "best_val_acc": 0.535,
    "best_test_acc": 0.4583333333333333
}