{
    "best_epoch": 13,
    "best_val_loss": 0.6918568015098572,
    "best_tr_acc": 0.6040905770635501,
    "best_val_acc": 0.5888157894736842,
    "best_test_acc": 0.5646929824561403
}