{
    "best_epoch": 8,
    "best_val_loss": 0.8720022439956665,
    "best_tr_acc": 0.6461187214611872,
    "best_val_acc": 0.5684931506849316,
    "best_test_acc": 0.6575342465753424
}