{
    "best_epoch": 12,
    "best_val_loss": 0.6887723803520203,
    "best_tr_acc": 0.5405555555555556,
    "best_val_acc": 0.5333333333333333,
    "best_test_acc": 0.5216666666666666
}