{
    "best_epoch": 392,
    "best_val_loss": 0.7119820713996887,
    "best_tr_acc": 0.5569758948137327,
    "best_val_acc": 0.5153508771929824,
    "best_test_acc": 0.5296052631578947
}