{
    "best_epoch": 306,
    "best_val_loss": 0.6224304437637329,
    "best_tr_acc": 0.6516666666666666,
    "best_val_acc": 0.6616666666666666,
    "best_test_acc": 0.6483333333333333
}