{
    "best_epoch": 391,
    "best_val_loss": 0.6319041848182678,
    "best_tr_acc": 0.5961111111111111,
    "best_val_acc": 0.6533333333333333,
    "best_test_acc": 0.5683333333333334
}