{
    "best_epoch": 547,
    "best_val_loss": 0.4619365632534027,
    "best_tr_acc": 0.7947406866325786,
    "best_val_acc": 0.7916666666666666,
    "best_test_acc": 0.8146929824561403
}