{
    "best_epoch": 287,
    "best_val_loss": 0.5986942648887634,
    "best_tr_acc": 0.6905555555555556,
    "best_val_acc": 0.7016666666666667,
    "best_test_acc": 0.6616666666666666
}