{
    "best_epoch": 3,
    "best_val_loss": 0.9178666472434998,
    "best_tr_acc": 0.5205479452054794,
    "best_val_acc": 0.5821917808219178,
    "best_test_acc": 0.5547945205479452
}