{
    "best_epoch": 615,
    "best_val_loss": 0.6581962704658508,
    "best_tr_acc": 0.6022222222222222,
    "best_val_acc": 0.6266666666666667,
    "best_test_acc": 0.5633333333333334
}