{
    "best_epoch": 71,
    "best_val_loss": 0.49491533637046814,
    "best_tr_acc": 0.7677136596055515,
    "best_val_acc": 0.7807017543859649,
    "best_test_acc": 0.7719298245614035
}