{
    "best_epoch": 175,
    "best_val_loss": 0.40219682455062866,
    "best_tr_acc": 0.8283418553688824,
    "best_val_acc": 0.8410087719298246,
    "best_test_acc": 0.8464912280701754
}