{
    "best_epoch": 6,
    "best_val_loss": 0.619001030921936,
    "best_tr_acc": 0.7081811541271,
    "best_val_acc": 0.6918859649122807,
    "best_test_acc": 0.7335526315789473
}