{
    "best_epoch": 351,
    "best_val_loss": 0.625212550163269,
    "best_tr_acc": 0.7023374726077429,
    "best_val_acc": 0.6732456140350878,
    "best_test_acc": 0.6754385964912281
}