{
    "best_epoch": 617,
    "best_val_loss": 0.6008141040802002,
    "best_tr_acc": 0.6444444444444445,
    "best_val_acc": 0.7,
    "best_test_acc": 0.6766666666666666
}