{
    "best_epoch": 739,
    "best_val_loss": 0.6969156861305237,
    "best_tr_acc": 0.5460189919649379,
    "best_val_acc": 0.5230263157894737,
    "best_test_acc": 0.5076754385964912
}