{
    "best_epoch": 582,
    "best_val_loss": 0.5942906737327576,
    "best_tr_acc": 0.7383333333333333,
    "best_val_acc": 0.715,
    "best_test_acc": 0.615
}