{
    "best_epoch": 87,
    "best_val_loss": 0.6072294116020203,
    "best_tr_acc": 0.7070854638422206,
    "best_val_acc": 0.7182017543859649,
    "best_test_acc": 0.7050438596491229
}