{
    "best_epoch": 14,
    "best_val_loss": 0.6942853331565857,
    "best_tr_acc": 0.5783333333333334,
    "best_val_acc": 0.5816666666666667,
    "best_test_acc": 0.49166666666666664
}