{
    "best_epoch": 21,
    "best_val_loss": 0.7083075046539307,
    "best_tr_acc": 0.5294444444444445,
    "best_val_acc": 0.49166666666666664,
    "best_test_acc": 0.44333333333333336
}