{
    "best_epoch": 11,
    "best_val_loss": 0.9233832359313965,
    "best_tr_acc": 0.5742009132420092,
    "best_val_acc": 0.5376712328767124,
    "best_test_acc": 0.4794520547945205
}