{
    "best_epoch": 454,
    "best_val_loss": 0.5571126937866211,
    "best_tr_acc": 0.7341124908692477,
    "best_val_acc": 0.7291666666666666,
    "best_test_acc": 0.7138157894736842
}