{
    "best_epoch": 1,
    "best_val_loss": 0.7202906012535095,
    "best_tr_acc": 0.5068493150684932,
    "best_val_acc": 0.726027397260274,
    "best_test_acc": 0.6815068493150684
}