{
    "best_epoch": 32,
    "best_val_loss": 0.599937379360199,
    "best_tr_acc": 0.6888888888888889,
    "best_val_acc": 0.7133333333333334,
    "best_test_acc": 0.6666666666666666
}