{
    "best_epoch": 0,
    "best_val_loss": 1.3731913566589355,
    "best_tr_acc": 0.4977168949771689,
    "best_val_acc": 0.4486301369863014,
    "best_test_acc": 0.523972602739726
}