{
    "best_epoch": 168,
    "best_val_loss": 0.3202439248561859,
    "best_tr_acc": 0.9121004566210046,
    "best_val_acc": 0.886986301369863,
    "best_test_acc": 0.8698630136986302
}