{
    "best_epoch": 220,
    "best_val_loss": 0.7584583759307861,
    "best_tr_acc": 0.5409057706355004,
    "best_val_acc": 0.4967105263157895,
    "best_test_acc": 0.5296052631578947
}