{
    "best_epoch": 26,
    "best_val_loss": 0.6730533838272095,
    "best_tr_acc": 0.6394444444444445,
    "best_val_acc": 0.6033333333333334,
    "best_test_acc": 0.6083333333333333
}