{
    "best_epoch": 405,
    "best_val_loss": 0.4443346858024597,
    "best_tr_acc": 0.8071585098612125,
    "best_val_acc": 0.8114035087719298,
    "best_test_acc": 0.8267543859649122
}