{
    "best_epoch": 44,
    "best_val_loss": 0.9514702558517456,
    "best_tr_acc": 0.6518264840182648,
    "best_val_acc": 0.5753424657534246,
    "best_test_acc": 0.5034246575342466
}