{
    "best_epoch": 1,
    "best_val_loss": 0.865509033203125,
    "best_tr_acc": 0.4954337899543379,
    "best_val_acc": 0.589041095890411,
    "best_test_acc": 0.5582191780821918
}