{
    "best_epoch": 768,
    "best_val_loss": 0.6631211638450623,
    "best_tr_acc": 0.6416666666666667,
    "best_val_acc": 0.6133333333333333,
    "best_test_acc": 0.5866666666666667
}