{
    "best_epoch": 935,
    "best_val_loss": 0.6343783736228943,
    "best_tr_acc": 0.6205259313367422,
    "best_val_acc": 0.6557017543859649,
    "best_test_acc": 0.6337719298245614
}