{
    "best_epoch": 311,
    "best_val_loss": 0.6397713422775269,
    "best_tr_acc": 0.6532645436755026,
    "best_val_acc": 0.6396155899626268,
    "best_test_acc": 0.6300053390282968
}