{
    "best_epoch": 338,
    "best_val_loss": 0.5568013191223145,
    "best_tr_acc": 0.7289992695398101,
    "best_val_acc": 0.7401315789473685,
    "best_test_acc": 0.7236842105263158
}