{
    "best_epoch": 462,
    "best_val_loss": 0.6234633922576904,
    "best_tr_acc": 0.6417092768444119,
    "best_val_acc": 0.6754385964912281,
    "best_test_acc": 0.6578947368421053
}