{
    "best_epoch": 485,
    "best_val_loss": 0.6137725114822388,
    "best_tr_acc": 0.6733333333333333,
    "best_val_acc": 0.6966666666666667,
    "best_test_acc": 0.6533333333333333
}