{
    "best_epoch": 70,
    "best_val_loss": 0.6920104026794434,
    "best_tr_acc": 0.556245434623813,
    "best_val_acc": 0.5603070175438597,
    "best_test_acc": 0.5416666666666666
}