{
    "best_epoch": 10,
    "best_val_loss": 0.6277608275413513,
    "best_tr_acc": 0.6394444444444445,
    "best_val_acc": 0.6716666666666666,
    "best_test_acc": 0.6583333333333333
}