{
    "best_epoch": 1,
    "best_val_loss": 0.7448931932449341,
    "best_tr_acc": 0.4965753424657534,
    "best_val_acc": 0.7054794520547946,
    "best_test_acc": 0.7363013698630136
}