{
    "best_epoch": 999,
    "best_val_loss": 0.3268056809902191,
    "best_tr_acc": 0.8425858290723156,
    "best_val_acc": 0.8508771929824561,
    "best_test_acc": 0.8475877192982456
}