{
    "best_epoch": 434,
    "best_val_loss": 0.6763758063316345,
    "best_tr_acc": 0.5672222222222222,
    "best_val_acc": 0.5433333333333333,
    "best_test_acc": 0.5066666666666667
}