{
    "best_epoch": 43,
    "best_val_loss": 0.6460755467414856,
    "best_tr_acc": 0.612490869247626,
    "best_val_acc": 0.6326754385964912,
    "best_test_acc": 0.631578947368421
}