{
    "best_epoch": 66,
    "best_val_loss": 0.6312622427940369,
    "best_tr_acc": 0.6552227903579255,
    "best_val_acc": 0.6666666666666666,
    "best_test_acc": 0.6578947368421053
}