{
    "best_epoch": 880,
    "best_val_loss": 0.6068761944770813,
    "best_tr_acc": 0.6638888888888889,
    "best_val_acc": 0.6816666666666666,
    "best_test_acc": 0.6533333333333333
}