{
    "best_epoch": 39,
    "best_val_loss": 0.9056576490402222,
    "best_tr_acc": 0.6917808219178082,
    "best_val_acc": 0.6061643835616438,
    "best_test_acc": 0.5547945205479452
}