{
    "best_epoch": 72,
    "best_val_loss": 0.40709635615348816,
    "best_tr_acc": 0.8915525114155252,
    "best_val_acc": 0.8767123287671232,
    "best_test_acc": 0.8767123287671232
}