{
    "best_epoch": 501,
    "best_val_loss": 0.08493061363697052,
    "best_tr_acc": 0.9235159817351598,
    "best_val_acc": 0.9691780821917808,
    "best_test_acc": 0.934931506849315
}