{
    "best_epoch": 7,
    "best_val_loss": 0.9138516783714294,
    "best_tr_acc": 0.5570776255707762,
    "best_val_acc": 0.5068493150684932,
    "best_test_acc": 0.5102739726027398
}