{
    "best_epoch": 0,
    "best_val_loss": 1.139947772026062,
    "best_tr_acc": 0.4908675799086758,
    "best_val_acc": 0.4965753424657534,
    "best_test_acc": 0.5513698630136986
}