{
    "best_epoch": 25,
    "best_val_loss": 0.7066943645477295,
    "best_tr_acc": 0.5405405405405406,
    "best_val_acc": 0.4967105263157895,
    "best_test_acc": 0.5032894736842105
}