{
    "best_epoch": 85,
    "best_val_loss": 0.7147965431213379,
    "best_tr_acc": 0.5299488677867056,
    "best_val_acc": 0.5032894736842105,
    "best_test_acc": 0.4791666666666667
}