{
    "best_epoch": 120,
    "best_val_loss": 0.9138545393943787,
    "best_tr_acc": 0.7431506849315068,
    "best_val_acc": 0.6027397260273972,
    "best_test_acc": 0.6267123287671232
}