{
    "best_epoch": 398,
    "best_val_loss": 0.47479984164237976,
    "best_tr_acc": 0.7705071110472633,
    "best_val_acc": 0.7696120689655173,
    "best_test_acc": 0.7795258620689656
}