{
    "best_epoch": 436,
    "best_val_loss": 0.6726402044296265,
    "best_tr_acc": 0.5777777777777777,
    "best_val_acc": 0.5683333333333334,
    "best_test_acc": 0.54
}