{
    "best_epoch": 40,
    "best_val_loss": 0.5338426828384399,
    "best_tr_acc": 0.8664383561643836,
    "best_val_acc": 0.8082191780821918,
    "best_test_acc": 0.815068493150685
}