{
    "best_epoch": 9,
    "best_val_loss": 0.7283368110656738,
    "best_tr_acc": 0.6792237442922374,
    "best_val_acc": 0.6438356164383562,
    "best_test_acc": 0.5993150684931506
}